<?xml version="1.0" encoding="UTF-8" standalone="yes"?>
<addon id="repository.cywteow" name="cywteow Add-ons" version="1.1.1" provider-name="cywteow">
	<extension point="xbmc.addon.repository" name="cywteow Add-ons">
    		<dir>
		        <info compressed="false">https://raw.githubusercontent.com/cywteow/cywteow.github.io/master/addons.xml</info>
		        <checksum>https://raw.githubusercontent.com/cywteow/cywteow.github.io/master/addons.xml.md5</checksum>
		        <datadir zip="true">https://raw.githubusercontent.com/cywteow/cywteow.github.io/master</datadir>
	        </dir>
		<dir>
			<info compressed="false">https://raw.githubusercontent.com/Gujal00/smrzips/master/addons.xml</info>
			<checksum>https://raw.githubusercontent.com/Gujal00/smrzips/master/addons.xml.md5</checksum>
			<datadir zip="true">https://raw.githubusercontent.com/Gujal00/smrzips/master/zips/</datadir>
		</dir>
		<dir>
			<info compressed="false">https://raw.githubusercontent.com/groggyegg/lime/master/addons.xml</info>
			<checksum>https://raw.githubusercontent.com/groggyegg/lime/master/addons.xml.md5</checksum>
			<datadir zip="true">https://raw.githubusercontent.com/groggyegg/lime/master</datadir>
		</dir>
		<dir>
			<info compressed="false">https://aznhusband.github.io/addons.xml</info>
			<checksum>https://aznhusband.github.io/addons.xml.md5</checksum>
			<datadir zip="true">https://aznhusband.github.io/</datadir>
		</dir>
	</extension>
</addon>
